True Temperature,True Time,Predicted Temperature,Predicted Time
1000.0,1000.0,1008.5823,2025.9431
1000.0,1000.0,994.5995,2474.1692
1000.0,1000.0,993.3489,1775.5834
1000.0,1000.0,992.9415,1913.5496
1000.0,1000.0,1007.3103,2040.6104
1000.0,1000.0,999.2123,1733.6932
1000.0,1000.0,1000.26733,1874.6368
1000.0,1000.0,1006.23206,1920.1489
1000.0,1000.0,1006.4943,2346.8262
1000.0,1000.0,990.521,2718.011
1000.0,1000.0,986.5937,1763.7731
1000.0,1000.0,998.36993,1768.5369
1000.0,1000.0,1014.0656,1861.299
1000.0,1000.0,996.94653,1757.2957
1000.0,1000.0,1000.40356,1863.1216
1000.0,100.0,1024.895,1726.716
1000.0,100.0,993.2499,1721.7214
1000.0,100.0,1016.0288,1730.7056
1000.0,100.0,1012.15466,1715.8413
1000.0,100.0,1015.2849,1744.3481
1000.0,100.0,1005.53766,1689.4031
1000.0,100.0,1007.8157,1700.4158
1000.0,100.0,1008.72546,1815.7275
1000.0,100.0,1024.1564,1741.5493
1000.0,100.0,991.2357,1687.9667
1000.0,100.0,1008.8895,1710.9291
1000.0,100.0,1010.653,1722.5698
1000.0,16000.0,940.00366,15537.157
1000.0,16000.0,955.6553,15707.507
1000.0,16000.0,965.3032,15007.783
1000.0,16000.0,955.47705,15941.823
1000.0,16000.0,962.8906,15687.944
1000.0,16000.0,964.0181,16623.621
1000.0,16000.0,964.47144,16429.287
1000.0,16000.0,952.6538,16102.801
1000.0,16000.0,958.10376,15824.468
1000.0,16000.0,952.61896,16390.516
1000.0,16000.0,974.40454,15855.852
1000.0,16000.0,971.3806,16099.612
1000.0,16000.0,982.7964,16107.703
1000.0,16000.0,985.5903,16002.804
1000.0,16000.0,986.3393,15887.994
1000.0,16000.0,986.1073,15996.116
1000.0,16000.0,990.18463,16419.09
1000.0,16000.0,992.25085,16360.286
1000.0,16000.0,981.36615,16185.867
1000.0,16000.0,977.0003,15995.966
1000.0,16000.0,989.28906,16047.392
1000.0,16000.0,991.2882,16109.464
1000.0,16000.0,987.6719,16066.325
1000.0,16000.0,981.23157,15784.382
1000.0,16000.0,991.03827,16222.872
1000.0,16000.0,999.03577,16040.8125
1000.0,16000.0,989.8524,15982.428
1000.0,16000.0,987.32367,15930.416
1000.0,16000.0,967.4697,15996.269
1000.0,16000.0,971.467,16079.03
1000.0,16000.0,964.4407,15869.412
1000.0,16000.0,982.0175,15868.5625
1000.0,16000.0,979.50195,15942.208
1000.0,16000.0,981.8048,17119.441
1000.0,16000.0,973.82263,16004.088
1000.0,16000.0,979.8087,16342.423
1000.0,16000.0,984.6279,16140.852
1000.0,16000.0,981.9823,16064.689
1000.0,16000.0,983.91315,15570.093
1000.0,16000.0,971.9689,16769.812
1000.0,16000.0,989.17413,16353.8955
1000.0,16000.0,996.7842,16018.892
1000.0,16000.0,992.35345,16023.682
1000.0,16000.0,984.3363,15965.703
1000.0,16000.0,993.7355,16217.83
1000.0,16000.0,997.85925,16152.555
1000.0,16000.0,995.1835,16113.644
1000.0,16000.0,1006.5718,16201.419
1000.0,16000.0,993.2114,16118.04
1000.0,16000.0,983.7643,15873.383
1000.0,16000.0,976.062,15753.0205
1000.0,16000.0,976.55615,15869.03
1000.0,16000.0,981.19525,16147.383
1000.0,16000.0,975.85345,15971.714
1000.0,16000.0,982.4265,15937.388
1000.0,16000.0,989.0742,16202.749
1000.0,16000.0,992.6957,16230.925
1000.0,16000.0,988.72205,16378.794
1000.0,16000.0,993.01196,15680.131
1000.0,16000.0,988.3396,16148.343
1000.0,24000.0,991.14154,23814.324
1000.0,24000.0,991.0388,23778.93
1000.0,24000.0,985.33105,23153.172
1000.0,24000.0,983.6621,23090.648
1000.0,24000.0,991.7891,24001.613
1000.0,24000.0,985.16394,23489.68
1000.0,24000.0,986.5012,23438.445
1000.0,24000.0,987.38446,23099.57
1000.0,24000.0,981.8831,23500.03
1000.0,24000.0,973.7118,23487.691
1000.0,24000.0,977.8198,23656.59
1000.0,24000.0,974.8512,23512.777
1000.0,24000.0,988.5949,23762.35
1000.0,24000.0,986.1434,23614.686
1000.0,24000.0,977.2767,22793.008
1000.0,24000.0,985.5679,23381.633
1000.0,24000.0,979.988,23014.8
1000.0,24000.0,971.4597,23248.348
1000.0,24000.0,989.1526,23495.21
1000.0,24000.0,988.55725,23261.668
1000.0,24000.0,987.73035,23628.512
1000.0,24000.0,997.1876,23713.037
1000.0,24000.0,979.6582,23512.07
1000.0,24000.0,980.2686,23371.084
1000.0,24000.0,986.3611,24187.281
1000.0,24000.0,970.11676,23627.887
1000.0,3000.0,997.4085,2638.8525
1000.0,3000.0,1005.9424,3383.6663
1000.0,3000.0,996.9811,3731.8787
1000.0,3000.0,1008.9053,2777.6726
1000.0,3000.0,1000.853,2886.714
1000.0,3000.0,993.44116,3463.2273
1000.0,3000.0,1007.85535,3935.5002
1000.0,3000.0,1003.4114,2742.8113
1000.0,3000.0,1003.2928,2497.39
1000.0,3000.0,1021.1998,2831.3596
1000.0,3000.0,987.95715,2948.9822
1000.0,3000.0,1008.18524,3116.8801
1000.0,3000.0,1002.23737,3247.4666
1000.0,3000.0,984.4167,2939.4302
1000.0,3000.0,981.5017,4273.7314
1000.0,300.0,1005.6626,1722.0249
1000.0,300.0,1005.9649,1726.7529
1000.0,300.0,986.1153,1751.7812
1000.0,300.0,1002.0353,1716.8801
1000.0,300.0,992.5453,1752.2006
1000.0,300.0,992.3706,1722.0449
1000.0,300.0,996.3165,1792.3258
1000.0,300.0,983.0249,1748.1334
1000.0,300.0,1000.39795,1756.5109
1000.0,300.0,999.89734,1700.7272
1000.0,300.0,1007.74036,1894.2523
1000.0,300.0,1008.00037,1817.4376
1000.0,5000.0,1006.8367,5500.8013
1000.0,5000.0,987.8915,5664.1665
1000.0,5000.0,1006.131,4460.5317
1000.0,5000.0,1004.1832,4947.094
1000.0,5000.0,994.44324,6001.833
1000.0,5000.0,997.23425,5630.6235
1000.0,5000.0,1003.8045,6162.0386
1000.0,5000.0,1009.4491,4209.2095
1000.0,5000.0,993.82623,4512.569
1000.0,5000.0,1001.6659,5932.9653
1000.0,5000.0,1000.18134,5626.146
1000.0,5000.0,991.2372,5646.5796
1000.0,5000.0,991.12573,4742.443
1000.0,5000.0,979.63586,5014.853
1000.0,5000.0,975.8335,4946.9277
1000.0,500.0,982.23267,1678.1917
1000.0,500.0,994.95306,1804.471
1000.0,500.0,985.71454,1773.4948
1000.0,500.0,991.1989,1733.8787
1000.0,500.0,991.0238,1724.3566
1000.0,500.0,998.0111,1803.321
1000.0,500.0,982.81506,1775.6787
1000.0,500.0,992.1113,1781.3284
1000.0,500.0,993.20703,1743.111
1000.0,500.0,990.1022,1730.2832
1000.0,500.0,1008.3871,2028.3035
1000.0,500.0,1002.8574,1730.193
1000.0,8000.0,994.6558,8385.1
1000.0,8000.0,990.3991,7963.4814
1000.0,8000.0,1003.97943,8153.8413
1000.0,8000.0,991.4746,7533.3457
1000.0,8000.0,997.0544,8790.675
1000.0,8000.0,1006.24805,7821.185
1000.0,8000.0,996.6513,7856.069
1000.0,8000.0,1017.5387,9136.394
1000.0,8000.0,1022.5866,7804.2476
1000.0,8000.0,1008.1227,7736.888
1000.0,8000.0,1011.4244,6949.9717
1000.0,8000.0,1011.0019,7823.6377
700.0,1000.0,699.56866,1614.0054
700.0,1000.0,697.76697,1525.5944
700.0,1000.0,703.26746,2109.6716
700.0,1000.0,700.98145,1568.1814
700.0,1000.0,707.57184,1276.9604
700.0,1000.0,702.26526,1866.418
700.0,1000.0,696.0275,1654.1931
700.0,1000.0,699.9761,2664.1643
700.0,1000.0,706.0957,2052.6077
700.0,1000.0,700.9514,1501.6963
700.0,1000.0,700.0884,1367.9825
700.0,1000.0,698.6686,2885.7014
700.0,1000.0,697.0834,1762.6562
700.0,1000.0,712.21484,1154.1472
700.0,1000.0,709.57385,1129.1384
700.0,1000.0,715.9971,1159.0754
700.0,100.0,696.3989,1315.1189
700.0,100.0,692.05164,1249.1205
700.0,100.0,691.9935,1165.3229
700.0,100.0,693.63074,1137.8331
700.0,100.0,696.3019,1210.2178
700.0,100.0,696.464,1281.3647
700.0,100.0,689.5615,1160.6421
700.0,100.0,699.8108,1236.1519
700.0,100.0,693.7315,1131.4844
700.0,100.0,694.7069,1272.7334
700.0,100.0,693.311,1146.9062
700.0,100.0,695.5571,1192.6559
700.0,16000.0,687.7965,15762.593
700.0,16000.0,687.04816,15577.457
700.0,16000.0,689.16,15641.538
700.0,16000.0,689.7144,15451.495
700.0,16000.0,690.13184,15442.008
700.0,16000.0,687.7018,15476.195
700.0,16000.0,689.5316,15514.503
700.0,16000.0,691.5619,15451.12
700.0,16000.0,692.15686,15466.376
700.0,16000.0,704.8716,15307.44
700.0,16000.0,715.17706,15350.906
700.0,16000.0,720.9785,15876.726
700.0,16000.0,690.1672,15510.054
700.0,16000.0,691.3585,15570.905
700.0,16000.0,689.922,15525.003
700.0,16000.0,692.6089,15334.242
700.0,16000.0,693.4359,15564.774
700.0,16000.0,693.18646,15573.983
700.0,16000.0,709.5925,16053.563
700.0,16000.0,694.68005,15368.425
700.0,16000.0,693.5104,15422.901
700.0,16000.0,691.3369,15499.337
700.0,16000.0,698.692,15622.145
700.0,16000.0,692.61115,15496.755
700.0,16000.0,691.64655,15295.116
700.0,16000.0,691.17926,15402.869
700.0,16000.0,694.42957,15328.032
700.0,16000.0,692.521,15272.773
700.0,16000.0,691.4109,15532.194
700.0,16000.0,690.51245,15490.2295
700.0,16000.0,690.2925,15366.076
700.0,16000.0,693.3607,15501.649
700.0,16000.0,690.6898,15418.162
700.0,16000.0,687.548,15295.292
700.0,16000.0,689.36615,15215.697
700.0,16000.0,687.9231,15489.399
700.0,16000.0,688.12146,15379.103
700.0,16000.0,686.8679,15323.472
700.0,16000.0,692.24677,15427.519
700.0,16000.0,692.4559,15330.796
700.0,16000.0,695.94244,15329.692
700.0,16000.0,689.8202,15404.903
700.0,24000.0,686.3111,21900.293
700.0,24000.0,684.4978,21686.684
700.0,24000.0,685.2955,21880.953
700.0,24000.0,683.7997,22203.883
700.0,24000.0,684.8938,21719.686
700.0,24000.0,687.9048,22197.469
700.0,24000.0,686.77295,22290.055
700.0,24000.0,685.2719,21957.938
700.0,24000.0,684.9889,21876.148
700.0,24000.0,680.7196,22070.967
700.0,24000.0,685.0189,22116.844
700.0,24000.0,680.2822,21907.922
700.0,24000.0,681.92725,22131.344
700.0,24000.0,681.65894,21675.508
700.0,24000.0,683.4083,22403.898
700.0,24000.0,684.49255,22277.322
700.0,24000.0,685.42633,22436.508
700.0,24000.0,681.9717,22192.777
700.0,24000.0,683.92786,22016.53
700.0,24000.0,685.94824,22482.975
700.0,24000.0,686.703,22333.113
700.0,24000.0,685.7111,22006.56
700.0,24000.0,685.29456,22064.191
700.0,24000.0,685.74866,22214.111
700.0,24000.0,690.8712,22807.023
700.0,24000.0,695.7388,23000.008
700.0,24000.0,686.8949,22433.555
700.0,24000.0,689.9481,22040.172
700.0,24000.0,687.2316,22229.904
700.0,24000.0,689.70056,22238.379
700.0,3000.0,703.7051,3732.859
700.0,3000.0,707.88434,3255.1843
700.0,3000.0,706.7654,3351.6282
700.0,3000.0,701.995,3235.7036
700.0,3000.0,704.1328,3206.7952
700.0,3000.0,702.73175,3022.9597
700.0,3000.0,705.6909,3012.6277
700.0,3000.0,706.8462,3245.6245
700.0,3000.0,706.6191,3016.1372
700.0,3000.0,705.61633,2717.473
700.0,3000.0,703.19507,3548.6152
700.0,3000.0,699.97375,3078.5146
700.0,3000.0,700.60864,3189.2517
700.0,3000.0,700.0166,3341.2593
700.0,3000.0,702.7368,3448.4485
700.0,3000.0,705.2529,2919.256
700.0,3000.0,702.4217,2762.601
700.0,3000.0,701.96423,3123.237
700.0,3000.0,701.57635,3094.2595
700.0,3000.0,708.9552,3853.4084
700.0,300.0,696.47516,1181.0181
700.0,300.0,701.2285,1193.9208
700.0,300.0,702.33215,1170.6152
700.0,300.0,709.53906,1160.4073
700.0,300.0,707.6011,1168.0907
700.0,300.0,702.8003,1207.2772
700.0,300.0,701.7547,1195.2058
700.0,300.0,704.74475,1185.9243
700.0,300.0,705.2695,1222.1246
700.0,300.0,701.5902,1238.7594
700.0,300.0,700.20215,1284.5479
700.0,300.0,696.297,1345.9956
700.0,5000.0,703.74084,5911.015
700.0,5000.0,700.75085,5941.2197
700.0,5000.0,702.19604,5877.202
700.0,5000.0,702.5741,5372.688
700.0,5000.0,705.6476,5210.0103
700.0,5000.0,702.64105,5149.463
700.0,5000.0,708.11365,5214.867
700.0,5000.0,707.18933,5178.7593
700.0,5000.0,707.51733,4662.639
700.0,5000.0,701.96716,4625.7163
700.0,5000.0,704.8031,5220.0557
700.0,5000.0,708.76843,5433.263
700.0,5000.0,705.7876,5614.3755
700.0,5000.0,704.6701,5378.7954
700.0,500.0,701.1913,1188.2034
700.0,500.0,700.6729,1230.4036
700.0,500.0,701.54285,1228.0343
700.0,500.0,711.14575,1172.2373
700.0,500.0,698.3722,1339.7168
700.0,500.0,704.3323,1377.5342
700.0,500.0,707.32074,1215.2062
700.0,500.0,704.05664,1232.7693
700.0,500.0,707.54224,1212.9132
700.0,500.0,704.336,1310.7737
700.0,500.0,699.99756,1411.4781
700.0,500.0,705.9156,1709.0259
700.0,500.0,699.2667,1598.395
700.0,500.0,699.8031,1368.3253
700.0,8000.0,708.61096,8275.288
700.0,8000.0,702.647,8074.3823
700.0,8000.0,700.4441,8292.681
700.0,8000.0,702.2433,7810.0063
700.0,8000.0,703.1532,8869.757
700.0,8000.0,700.3551,7775.9272
700.0,8000.0,706.2486,7321.5767
700.0,8000.0,703.0441,6720.017
700.0,8000.0,683.81696,8614.683
750.0,1000.0,745.6297,1253.0989
750.0,1000.0,746.00903,1255.1445
750.0,1000.0,747.06213,1241.8076
750.0,1000.0,748.63464,1249.0673
750.0,1000.0,745.2086,1248.3066
750.0,1000.0,738.4399,1286.0117
750.0,1000.0,749.191,1320.5479
750.0,1000.0,747.1002,1289.6584
750.0,1000.0,747.92676,1273.8364
750.0,1000.0,744.98236,1256.9536
750.0,1000.0,744.06525,1261.4734
750.0,1000.0,744.0813,1263.1765
750.0,1000.0,741.35736,1266.3395
750.0,1000.0,739.734,1288.6738
750.0,1000.0,747.7713,1303.4531
750.0,1000.0,744.7674,1319.1022
750.0,1000.0,747.86536,1280.3435
750.0,1000.0,741.50525,1305.4307
800.0,1000.0,788.1212,2383.5378
800.0,1000.0,786.62244,1553.5309
800.0,1000.0,789.3413,1501.3374
800.0,1000.0,788.00305,1405.4163
800.0,1000.0,781.96106,1697.69
800.0,1000.0,793.9822,1950.9685
800.0,1000.0,780.5784,1397.0725
800.0,1000.0,784.3111,1411.4343
800.0,1000.0,780.95087,1428.9573
800.0,1000.0,807.2323,1974.6189
800.0,1000.0,808.49854,2157.8093
800.0,1000.0,797.31335,1624.7368
800.0,1000.0,798.2901,1631.012
800.0,1000.0,801.2861,1995.3728
800.0,1000.0,793.76575,1499.0239
800.0,1000.0,794.13403,1628.7838
800.0,1000.0,780.9314,1709.8794
800.0,1000.0,786.25006,1516.168
800.0,1000.0,794.277,1443.7544
800.0,1000.0,788.25995,1707.0215
800.0,1000.0,797.6063,1597.8447
800.0,1000.0,794.8401,1634.0034
800.0,1000.0,798.49457,1669.0342
800.0,1000.0,786.9529,1432.4827
800.0,1000.0,790.01416,1372.8655
800.0,1000.0,797.5591,1771.6909
800.0,1000.0,801.8169,1446.1312
800.0,100.0,799.3905,2874.9172
800.0,100.0,792.32446,1355.7118
800.0,100.0,794.86633,1416.6809
800.0,100.0,794.9757,1574.7949
800.0,100.0,800.9709,1691.4854
800.0,100.0,808.0538,1536.8018
800.0,100.0,798.81824,1433.0863
800.0,100.0,793.0419,1401.6858
800.0,100.0,802.4669,1426.3721
800.0,100.0,798.3469,1499.0876
800.0,100.0,789.5283,1448.8092
800.0,100.0,792.50134,1347.3173
800.0,16000.0,808.93396,15905.75
800.0,16000.0,806.3989,15084.541
800.0,16000.0,801.9463,15561.751
800.0,16000.0,800.6998,15224.745
800.0,16000.0,801.93494,15286.438
800.0,16000.0,806.6273,15526.594
800.0,16000.0,802.3264,15110.74
800.0,16000.0,803.62524,15340.776
800.0,16000.0,805.1478,15085.669
800.0,16000.0,810.1507,15223.884
800.0,16000.0,808.5729,15342.755
800.0,16000.0,802.30066,15586.546
800.0,16000.0,802.8523,15233.573
800.0,16000.0,805.38086,15265.431
800.0,16000.0,801.4456,15142.608
800.0,16000.0,805.4411,15266.361
800.0,16000.0,813.91284,15088.852
800.0,16000.0,805.5684,15137.036
800.0,16000.0,804.463,15035.816
800.0,16000.0,800.7931,15059.553
800.0,16000.0,800.15564,15025.935
800.0,16000.0,803.53894,15043.749
800.0,16000.0,807.47705,15531.184
800.0,16000.0,803.47644,15397.824
800.0,16000.0,802.88074,15313.292
800.0,16000.0,802.71533,15578.679
800.0,16000.0,804.4263,15470.558
800.0,16000.0,797.3264,15199.255
800.0,16000.0,795.17694,15003.966
800.0,16000.0,798.53424,15118.998
800.0,16000.0,801.3076,15190.807
800.0,16000.0,804.2516,15054.627
800.0,16000.0,798.0035,15181.696
800.0,16000.0,801.6196,15149.259
800.0,16000.0,802.9749,15218.737
800.0,16000.0,802.1752,15305.7295
800.0,16000.0,803.8632,15285.577
800.0,16000.0,803.9931,15406.706
800.0,16000.0,802.6821,15229.871
800.0,16000.0,803.9171,15193.147
800.0,16000.0,804.61664,15080.755
800.0,16000.0,810.9967,14806.647
800.0,16000.0,808.7728,14905.1
800.0,16000.0,808.96716,14844.077
800.0,16000.0,812.73816,15135.233
800.0,16000.0,820.9197,15610.735
800.0,16000.0,803.1875,14996.552
800.0,16000.0,803.34753,15217.144
800.0,16000.0,802.9269,15069.204
800.0,16000.0,803.0194,15239.267
800.0,16000.0,803.17365,15014.713
800.0,16000.0,806.6735,15067.546
800.0,16000.0,811.818,15091.522
800.0,16000.0,816.8442,15172.676
800.0,16000.0,811.23364,15297.324
800.0,16000.0,823.8998,15169.112
800.0,16000.0,810.7763,15290.046
800.0,16000.0,802.5676,15253.235
800.0,16000.0,798.4481,15196.813
800.0,16000.0,801.4864,15292.958
800.0,16000.0,804.3165,14963.846
800.0,16000.0,802.8889,15326.011
800.0,16000.0,802.98566,15035.226
800.0,16000.0,811.5061,15337.278
800.0,16000.0,805.17865,15247.327
800.0,16000.0,799.36096,14997.681
800.0,16000.0,801.056,14879.018
800.0,16000.0,801.9241,14989.202
800.0,16000.0,799.81995,15048.03
800.0,16000.0,800.59656,15173.269
800.0,16000.0,806.06445,15107.699
800.0,16000.0,816.2887,15440.417
800.0,16000.0,812.55725,15305.343
800.0,16000.0,814.47253,15389.537
800.0,16000.0,804.4583,15190.655
800.0,24000.0,792.2831,23421.438
800.0,24000.0,795.81665,22936.443
800.0,24000.0,793.27527,23487.668
800.0,24000.0,793.2875,23653.188
800.0,24000.0,797.2029,22955.941
800.0,24000.0,792.71497,23585.008
800.0,24000.0,791.9914,23619.527
800.0,24000.0,792.17096,23129.91
800.0,24000.0,793.3091,23255.074
800.0,24000.0,793.4349,23724.545
800.0,24000.0,795.2681,23615.434
800.0,24000.0,799.88715,23423.533
800.0,24000.0,798.25476,23337.59
800.0,24000.0,791.8708,23546.094
800.0,24000.0,795.6447,23408.15
800.0,24000.0,794.7689,23484.504
800.0,24000.0,795.8155,23365.277
800.0,24000.0,793.7586,23603.209
800.0,24000.0,794.10376,23550.777
800.0,24000.0,795.523,22775.309
800.0,24000.0,792.43994,23042.695
800.0,24000.0,793.00275,23118.82
800.0,24000.0,794.3534,22975.57
800.0,24000.0,796.136,23046.438
800.0,24000.0,815.0176,22586.066
800.0,24000.0,814.8072,24310.043
800.0,24000.0,791.4988,23052.219
800.0,24000.0,792.41223,23236.613
800.0,24000.0,790.96375,23020.781
800.0,24000.0,799.2805,23122.158
800.0,3000.0,801.7229,3738.9585
800.0,3000.0,802.61127,3829.0671
800.0,3000.0,796.8787,3816.9773
800.0,3000.0,798.0012,3474.9011
800.0,3000.0,794.5336,3768.9092
800.0,3000.0,797.9055,3772.453
800.0,3000.0,808.9688,4334.346
800.0,3000.0,803.0602,3942.214
800.0,3000.0,811.563,3416.8474
800.0,3000.0,793.88434,2937.563
800.0,3000.0,804.9336,3451.2546
800.0,3000.0,801.66296,2924.7898
800.0,3000.0,799.0428,2673.8188
800.0,3000.0,806.44995,3251.4846
800.0,3000.0,810.2129,2654.2576
800.0,3000.0,796.12384,3880.8096
800.0,3000.0,794.8307,3726.913
800.0,3000.0,798.85925,3521.0745
800.0,3000.0,801.86566,3649.5874
800.0,3000.0,797.6312,2859.552
800.0,3000.0,799.9557,3724.2131
800.0,3000.0,796.7228,3739.8845
800.0,3000.0,801.91406,3183.9268
800.0,3000.0,803.37634,4127.867
800.0,3000.0,858.3753,13713.007
800.0,3000.0,806.54236,3910.4055
800.0,3000.0,793.8782,3057.1545
800.0,3000.0,793.9896,3437.8752
800.0,3000.0,829.9625,4486.9736
800.0,3000.0,803.73145,4641.1353
800.0,300.0,797.11145,1347.4135
800.0,300.0,791.35394,1334.7927
800.0,300.0,799.87573,1458.0242
800.0,300.0,798.1256,1389.2095
800.0,300.0,784.813,1413.0712
800.0,300.0,789.1035,1357.9902
800.0,300.0,784.7395,1413.4248
800.0,300.0,796.61,1387.521
800.0,300.0,785.4918,1434.1433
800.0,300.0,788.1558,1405.9844
800.0,300.0,795.094,1360.3597
800.0,300.0,800.9706,1556.0363
800.0,300.0,807.2208,1545.5596
800.0,300.0,794.56,1356.6421
800.0,32000.0,796.4791,29185.855
800.0,32000.0,791.666,29674.564
800.0,32000.0,794.4251,29603.09
800.0,32000.0,788.5708,30352.5
800.0,32000.0,788.0403,29852.479
800.0,32000.0,792.06604,30223.484
800.0,32000.0,786.6227,29427.74
800.0,32000.0,783.61194,29132.148
800.0,32000.0,796.2704,30016.748
800.0,32000.0,790.2363,30657.506
800.0,32000.0,803.9726,30180.908
800.0,32000.0,788.9375,30475.236
800.0,32000.0,795.46216,29732.273
800.0,32000.0,794.10913,30241.77
800.0,32000.0,793.302,29806.18
800.0,32000.0,794.2716,30157.514
800.0,32000.0,810.9044,28692.496
800.0,32000.0,794.0044,30128.164
800.0,32000.0,792.7398,29905.773
800.0,32000.0,800.17053,27738.066
800.0,32000.0,796.74445,28074.93
800.0,32000.0,786.8425,30567.238
800.0,32000.0,782.6267,30859.68
800.0,32000.0,782.57874,30879.613
800.0,32000.0,792.932,30252.219
800.0,32000.0,773.7647,31402.24
800.0,32000.0,783.3596,30305.785
800.0,5000.0,799.0365,5319.5737
800.0,5000.0,798.41187,5775.7085
800.0,5000.0,799.5996,5795.8027
800.0,5000.0,802.0626,5532.441
800.0,5000.0,802.9778,5478.5054
800.0,5000.0,806.3795,5398.395
800.0,5000.0,800.94946,4838.352
800.0,5000.0,807.14795,5099.0337
800.0,5000.0,805.4212,5202.224
800.0,5000.0,815.89124,4547.814
800.0,5000.0,820.4031,4273.0503
800.0,5000.0,813.9518,5194.1733
800.0,5000.0,812.90845,4962.151
800.0,5000.0,804.39484,5149.86
800.0,5000.0,822.6614,3979.2468
800.0,5000.0,804.33044,5032.058
800.0,5000.0,803.6703,5306.988
800.0,5000.0,798.419,5587.571
800.0,5000.0,822.21265,5460.637
800.0,5000.0,802.59753,5365.475
800.0,5000.0,807.10474,5197.084
800.0,5000.0,803.875,4774.4966
800.0,5000.0,812.9066,4792.185
800.0,5000.0,807.4543,5016.0117
800.0,5000.0,798.4496,4898.262
800.0,5000.0,809.9655,4538.821
800.0,5000.0,803.9224,5793.384
800.0,500.0,796.4607,1395.6027
800.0,500.0,796.0435,1470.5728
800.0,500.0,795.88135,1609.1177
800.0,500.0,795.20886,1444.2992
800.0,500.0,792.1159,1413.1298
800.0,500.0,793.69025,1355.59
800.0,500.0,783.9224,1567.7727
800.0,500.0,801.6573,1389.4768
800.0,500.0,791.5387,1815.2958
800.0,500.0,791.33093,1376.6812
800.0,500.0,785.49164,1430.199
800.0,500.0,786.64465,1431.8962
800.0,8000.0,813.36206,8128.953
800.0,8000.0,801.9596,8302.765
800.0,8000.0,796.9855,8037.18
800.0,8000.0,799.939,7729.007
800.0,8000.0,796.8335,8064.277
800.0,8000.0,794.4023,8139.2314
800.0,8000.0,791.2516,8061.377
800.0,8000.0,795.63226,9283.173
800.0,8000.0,795.1652,9067.667
800.0,8000.0,794.82214,7592.443
800.0,8000.0,779.6279,9215.545
800.0,8000.0,794.78064,7642.278
800.0,8000.0,795.3867,8154.756
800.0,8000.0,790.0585,7383.6567
800.0,8000.0,792.8945,7667.0405
800.0,8000.0,795.80426,8012.7207
800.0,8000.0,795.3221,8785.124
800.0,8000.0,785.88586,7931.0425
800.0,8000.0,791.23254,7879.9614
800.0,8000.0,790.33136,7682.9204
800.0,8000.0,786.0752,7423.6533
800.0,8000.0,795.5689,7576.5967
800.0,8000.0,802.2174,7578.2227
800.0,8000.0,789.65955,9010.084
800.0,8000.0,789.8412,8264.345
800.0,8000.0,796.39124,7311.3345
800.0,8000.0,798.0128,8356.239
800.0,8000.0,796.52423,7669.555
800.0,8000.0,790.97626,8138.018
800.0,8000.0,794.4111,7916.37
800.0,8000.0,796.0287,7412.0356
800.0,8000.0,793.0468,7769.7554
800.0,8000.0,792.93634,7726.8896
800.0,8000.0,791.6625,8144.237
800.0,8000.0,792.68524,7782.614
800.0,8000.0,793.5055,7880.1147
850.0,1000.0,828.7035,2344.524
850.0,1000.0,851.305,1846.8798
850.0,1000.0,846.7686,1734.5981
850.0,1000.0,856.8278,2177.6125
850.0,1000.0,845.5792,1640.2065
850.0,1000.0,854.6301,2320.387
850.0,1000.0,857.0342,1836.9698
850.0,1000.0,849.3559,2462.0447
850.0,1000.0,846.2837,1468.5369
850.0,1000.0,845.60736,1471.0427
850.0,1000.0,836.755,1522.2976
850.0,1000.0,838.88824,1521.9387
850.0,1000.0,848.9076,1451.8123
850.0,1000.0,840.91846,1462.4116
850.0,100.0,849.3057,1510.2574
850.0,100.0,865.90906,1611.7468
850.0,100.0,845.7116,1486.0284
850.0,100.0,848.2489,1487.4441
850.0,100.0,839.87305,1541.4155
850.0,100.0,851.718,1529.7056
850.0,100.0,837.02155,1492.6001
850.0,100.0,839.7368,1630.3955
850.0,100.0,853.4013,1533.9797
850.0,100.0,844.75995,1486.7875
850.0,100.0,871.74915,1480.7267
850.0,100.0,857.84515,1473.5662
850.0,16000.0,852.6443,15683.989
850.0,16000.0,862.4724,15203.6875
850.0,16000.0,867.10443,15249.286
850.0,16000.0,862.7667,15330.568
850.0,16000.0,851.6031,15243.983
850.0,16000.0,840.6985,15156.925
850.0,16000.0,837.32715,15847.232
850.0,16000.0,845.5282,15493.237
850.0,16000.0,852.05255,15331.053
850.0,16000.0,849.0211,15151.0
850.0,16000.0,854.3068,15314.759
850.0,16000.0,843.31885,15642.276
850.0,16000.0,842.085,15378.184
850.0,16000.0,845.036,15272.072
850.0,16000.0,849.7341,15958.335
850.0,16000.0,839.3023,15998.298
850.0,16000.0,835.4177,16040.898
850.0,16000.0,836.90393,15291.26
850.0,16000.0,837.94775,15422.656
850.0,16000.0,846.8657,15877.285
850.0,16000.0,849.2424,15024.844
850.0,16000.0,847.2822,15719.444
850.0,16000.0,851.5239,15617.937
850.0,16000.0,848.7128,15404.806
850.0,16000.0,844.4938,15836.405
850.0,16000.0,845.1772,15432.29
850.0,16000.0,846.0054,15373.094
850.0,16000.0,850.6319,15332.616
850.0,16000.0,852.3086,15473.347
850.0,16000.0,848.9806,15390.677
850.0,16000.0,848.9085,15600.364
850.0,16000.0,848.4545,15638.337
850.0,16000.0,846.099,15420.991
850.0,16000.0,852.167,15363.741
850.0,16000.0,838.7583,15353.339
850.0,16000.0,836.5032,15347.935
850.0,16000.0,845.0604,15380.985
850.0,16000.0,840.0724,15214.136
850.0,16000.0,842.8581,15096.469
850.0,16000.0,837.94257,15468.415
850.0,16000.0,852.0078,15518.087
850.0,16000.0,851.05334,15396.404
850.0,16000.0,837.4813,15369.034
850.0,16000.0,844.57544,15134.733
850.0,16000.0,855.20905,15520.892
850.0,16000.0,841.70514,15255.876
850.0,16000.0,851.8904,15783.108
850.0,16000.0,835.2639,15505.71
850.0,16000.0,846.1265,15306.185
850.0,16000.0,840.43726,15457.492
850.0,16000.0,851.10547,15093.278
850.0,16000.0,835.9842,15330.419
850.0,16000.0,850.7251,15535.446
850.0,16000.0,854.517,15511.791
850.0,16000.0,846.49316,15431.981
850.0,16000.0,849.02515,15499.208
850.0,16000.0,852.8026,15649.476
850.0,16000.0,839.4339,15514.736
850.0,16000.0,837.1757,15524.864
850.0,16000.0,854.90454,15672.177
850.0,16000.0,843.20776,15439.763
850.0,16000.0,845.8044,15191.366
850.0,16000.0,852.45483,15448.025
850.0,16000.0,885.99994,15713.183
850.0,16000.0,858.8771,15746.115
850.0,16000.0,848.0592,15255.325
850.0,16000.0,853.3034,15548.327
850.0,16000.0,842.462,15490.573
850.0,16000.0,842.7984,15382.522
850.0,16000.0,847.87866,15572.019
850.0,16000.0,850.42426,15572.755
850.0,16000.0,838.7496,15508.615
850.0,16000.0,859.5388,15940.978
850.0,16000.0,839.56226,15341.556
850.0,16000.0,875.11633,15519.1
850.0,16000.0,847.0476,15436.54
850.0,16000.0,850.9043,15574.336
850.0,16000.0,853.8799,15539.158
850.0,16000.0,845.33606,15518.884
850.0,16000.0,847.7352,15415.888
850.0,16000.0,853.9072,15464.041
850.0,16000.0,848.80676,15318.36
850.0,16000.0,850.51514,15673.331
850.0,16000.0,858.28,15622.197
850.0,16000.0,853.1713,15137.337
850.0,16000.0,870.4904,15583.601
850.0,16000.0,847.6206,15577.659
850.0,16000.0,848.87335,15346.803
850.0,16000.0,852.5177,15439.668
850.0,16000.0,849.828,15672.659
850.0,16000.0,853.63745,15225.39
850.0,16000.0,867.0324,16087.468
850.0,16000.0,847.3995,15644.691
850.0,16000.0,842.65845,15504.513
850.0,16000.0,855.1468,15842.36
850.0,24000.0,852.3489,22954.59
850.0,24000.0,846.6128,23035.287
850.0,24000.0,847.326,23197.033
850.0,24000.0,846.0046,23041.527
850.0,24000.0,833.58044,23805.078
850.0,24000.0,838.02344,23870.95
850.0,24000.0,838.3623,23819.422
850.0,24000.0,837.86957,22646.395
850.0,24000.0,846.0222,23000.375
850.0,24000.0,839.15796,22894.004
850.0,24000.0,838.16864,23297.705
850.0,24000.0,842.3883,23614.693
850.0,24000.0,840.1578,23061.44
850.0,24000.0,839.88696,23208.98
850.0,24000.0,851.3863,22982.219
850.0,24000.0,843.0221,22686.43
850.0,24000.0,856.682,23144.145
850.0,24000.0,849.0343,22422.43
850.0,24000.0,848.74445,23043.305
850.0,24000.0,849.7167,23103.645
850.0,24000.0,844.44684,22227.45
850.0,24000.0,860.21985,23380.84
850.0,24000.0,852.3452,22923.512
850.0,24000.0,842.3485,22091.402
850.0,24000.0,849.8984,21943.332
850.0,24000.0,846.2705,22999.11
850.0,24000.0,829.54456,23135.799
850.0,24000.0,850.38293,21363.56
850.0,24000.0,855.7436,21777.945
850.0,24000.0,843.859,22301.27
850.0,24000.0,850.5612,18787.406
850.0,24000.0,842.90076,23965.758
850.0,24000.0,848.9537,23623.982
850.0,24000.0,843.3158,23727.027
850.0,24000.0,850.739,20735.443
850.0,24000.0,855.50085,23122.904
850.0,24000.0,848.35,23410.0
850.0,24000.0,848.1001,23108.84
850.0,24000.0,840.65186,22967.38
850.0,24000.0,836.2043,22937.102
850.0,24000.0,838.5558,23070.297
850.0,24000.0,845.3501,22817.506
850.0,24000.0,842.2407,22805.588
850.0,24000.0,842.5222,22872.48
850.0,24000.0,833.55774,22658.596
850.0,24000.0,840.4171,22854.605
850.0,24000.0,842.2407,22805.588
850.0,24000.0,842.0337,22741.035
850.0,24000.0,837.7667,23707.895
850.0,24000.0,842.1448,23222.918
850.0,24000.0,839.2899,23269.945
850.0,24000.0,839.2899,23269.945
850.0,24000.0,841.8804,22431.637
850.0,24000.0,833.18536,23268.305
850.0,3000.0,838.8179,4260.892
850.0,3000.0,833.9634,3850.6997
850.0,3000.0,875.0209,2431.6736
850.0,3000.0,864.8269,3526.8545
850.0,3000.0,866.38916,3104.3704
850.0,3000.0,873.3218,2838.5896
850.0,3000.0,861.5907,2260.6455
850.0,3000.0,851.33215,4939.9893
850.0,3000.0,837.0969,5067.5264
850.0,3000.0,863.31915,1958.4541
850.0,3000.0,856.00214,2890.4727
850.0,3000.0,847.1107,3287.341
850.0,3000.0,856.01953,2627.634
850.0,3000.0,869.04315,2486.7124
850.0,3000.0,857.3441,3171.7659
850.0,300.0,838.9993,1583.245
850.0,300.0,839.00995,1810.4243
850.0,300.0,852.22534,1489.8256
850.0,300.0,848.0924,1571.2
850.0,300.0,841.44165,1773.35
850.0,300.0,829.45056,1519.9103
850.0,300.0,849.573,1451.0554
850.0,300.0,828.60645,1417.8739
850.0,300.0,835.6154,1652.8702
850.0,300.0,841.0459,1443.5732
850.0,300.0,844.2571,1461.2888
850.0,300.0,838.38324,1449.6787
850.0,5000.0,852.2429,4894.2935
850.0,5000.0,860.78467,4586.1294
850.0,5000.0,856.4475,4650.89
850.0,5000.0,877.60895,4321.57
850.0,5000.0,853.63,4468.972
850.0,5000.0,845.3363,6694.0093
850.0,5000.0,861.1206,4962.195
850.0,5000.0,852.5,4959.573
850.0,5000.0,847.09985,4784.219
850.0,5000.0,838.67725,4313.9287
850.0,5000.0,866.1196,4666.2983
850.0,5000.0,844.6659,3925.96
850.0,500.0,875.9116,1531.0511
850.0,500.0,864.7855,1489.9865
850.0,500.0,877.99927,2041.4668
850.0,500.0,854.9798,2363.7085
850.0,500.0,853.55786,1567.1382
850.0,500.0,849.1001,1631.6802
850.0,500.0,876.5885,1476.0813
850.0,500.0,874.2798,1488.7771
850.0,500.0,863.3979,1437.1602
850.0,500.0,862.29175,1478.9452
850.0,500.0,884.89514,1528.473
850.0,500.0,847.37976,1461.8181
850.0,8000.0,844.3303,8309.253
850.0,8000.0,837.3785,7625.818
850.0,8000.0,835.88354,7258.7305
850.0,8000.0,834.2854,7196.6313
850.0,8000.0,835.2537,8708.835
850.0,8000.0,834.11633,7220.2603
850.0,8000.0,848.64856,7696.114
850.0,8000.0,845.9083,7498.942
850.0,8000.0,848.99805,7630.8525
850.0,8000.0,844.15796,8188.7544
850.0,8000.0,840.26184,8496.77
850.0,8000.0,841.5974,8010.9014
850.0,8000.0,853.16235,8867.427
850.0,8000.0,847.17944,7996.8765
850.0,8000.0,842.7312,8283.948
850.0,8000.0,853.1551,8315.942
850.0,8000.0,840.5797,9201.599
850.0,8000.0,847.7189,8316.538
900.0,1000.0,928.1516,1803.7383
900.0,1000.0,920.73706,1746.157
900.0,1000.0,902.6688,1631.1976
900.0,1000.0,900.7749,1665.8988
900.0,1000.0,903.1736,2123.0588
900.0,1000.0,904.1593,1596.0823
900.0,1000.0,908.57886,1612.9568
900.0,1000.0,905.4822,1563.6527
900.0,1000.0,896.85693,1652.6804
900.0,1000.0,894.83594,1692.0969
900.0,1000.0,894.8981,1573.2456
900.0,1000.0,890.6343,1608.1151
900.0,1000.0,910.98804,1632.4885
900.0,1000.0,906.58185,1840.468
900.0,1000.0,905.6987,1793.0958
900.0,1000.0,877.5329,1572.5237
900.0,1000.0,903.2278,1675.2919
900.0,1000.0,894.8313,1688.5906
900.0,1000.0,897.8175,1639.5559
900.0,1000.0,891.95123,2091.5757
900.0,1000.0,890.7301,1931.6475
900.0,1000.0,902.8466,1889.9238
900.0,1000.0,892.70355,1596.3494
900.0,1000.0,895.25256,1582.9357
900.0,1000.0,901.7202,1624.342
900.0,1000.0,899.3283,1627.8652
900.0,1000.0,886.5005,1617.4045
900.0,1000.0,896.4851,1622.4023
900.0,1000.0,901.2366,1585.4856
900.0,100.0,921.7596,1556.6783
900.0,100.0,909.89746,1553.7673
900.0,100.0,925.9369,1580.3053
900.0,100.0,895.2107,1569.9331
900.0,100.0,896.8583,1604.096
900.0,100.0,884.62524,1579.8242
900.0,100.0,904.66516,1529.6985
900.0,100.0,909.7329,1560.5879
900.0,100.0,897.70215,1561.9954
900.0,100.0,928.7921,1531.0801
900.0,100.0,898.76245,1551.2355
900.0,100.0,907.8285,1578.9292
900.0,16000.0,891.13916,15676.372
900.0,16000.0,895.1748,16208.083
900.0,16000.0,901.093,14097.692
900.0,16000.0,891.3152,15657.757
900.0,16000.0,888.37915,16203.14
900.0,16000.0,879.0365,15638.918
900.0,16000.0,890.3418,15868.125
900.0,16000.0,905.0735,16372.114
900.0,16000.0,882.1745,15625.18
900.0,16000.0,885.9469,15916.2
900.0,16000.0,886.3803,16081.174
900.0,16000.0,909.1003,15761.497
900.0,16000.0,880.89966,15939.766
900.0,16000.0,877.8712,15881.446
900.0,16000.0,891.9132,15812.079
900.0,16000.0,886.2467,15661.72
900.0,16000.0,892.2567,16232.177
900.0,16000.0,914.8081,16540.553
900.0,16000.0,899.3793,16838.402
900.0,16000.0,887.4316,18323.648
900.0,16000.0,894.2925,15622.857
900.0,16000.0,896.21344,16461.717
900.0,16000.0,878.9731,15324.899
900.0,16000.0,891.3926,16116.007
900.0,16000.0,895.8474,18965.178
900.0,16000.0,907.0333,16302.796
900.0,16000.0,903.4507,16057.449
900.0,16000.0,903.0732,15944.478
900.0,16000.0,899.0392,15832.179
900.0,16000.0,897.53235,15805.238
900.0,16000.0,904.2831,15651.468
900.0,16000.0,906.6414,16218.743
900.0,16000.0,911.1765,16700.47
900.0,16000.0,910.8151,16032.435
900.0,16000.0,895.0493,16027.908
900.0,16000.0,909.1024,16006.221
900.0,16000.0,912.70013,15733.456
900.0,16000.0,909.21606,15727.185
900.0,16000.0,923.0102,15947.051
900.0,16000.0,912.55176,15877.948
900.0,16000.0,914.3441,15854.737
900.0,16000.0,919.33374,16000.378
900.0,16000.0,905.2634,15515.7
900.0,16000.0,895.10876,15563.3955
900.0,16000.0,901.9845,16137.187
900.0,16000.0,900.23413,16019.972
900.0,16000.0,892.5032,15302.284
900.0,16000.0,907.3989,16172.986
900.0,16000.0,913.4181,16039.065
900.0,16000.0,905.85364,16169.998
900.0,16000.0,904.3077,16261.749
900.0,16000.0,905.85,15956.321
900.0,16000.0,901.6399,16092.977
900.0,16000.0,913.32715,15829.056
900.0,16000.0,910.6065,15982.69
900.0,16000.0,910.1118,15797.64
900.0,16000.0,899.7648,16243.563
900.0,16000.0,901.98987,16402.682
900.0,16000.0,914.7759,16190.634
900.0,16000.0,913.1073,16220.872
900.0,16000.0,922.24036,16415.049
900.0,16000.0,912.59106,16363.467
900.0,16000.0,890.5488,15699.181
900.0,16000.0,908.6714,15900.856
900.0,16000.0,902.7848,15784.466
900.0,16000.0,896.5907,15759.551
900.0,16000.0,892.1907,15538.845
900.0,16000.0,900.50916,15737.317
900.0,16000.0,907.21387,15999.206
900.0,16000.0,890.2285,15590.685
900.0,16000.0,884.1725,15586.14
900.0,16000.0,885.1511,15701.419
900.0,16000.0,879.22656,15532.95
900.0,16000.0,896.04553,15841.154
900.0,16000.0,901.4408,16068.84
900.0,16000.0,899.4874,15949.774
900.0,16000.0,897.6643,15732.115
900.0,16000.0,892.79913,15526.978
900.0,16000.0,897.3579,15719.229
900.0,16000.0,900.0066,15483.569
900.0,16000.0,894.86676,15643.748
900.0,16000.0,899.56995,15629.9795
900.0,16000.0,906.10315,16010.71
900.0,16000.0,893.6355,15728.645
900.0,16000.0,894.63837,15682.991
900.0,16000.0,899.13416,15662.901
900.0,24000.0,901.8688,23657.059
900.0,24000.0,902.91284,23794.512
900.0,24000.0,885.7146,23407.252
900.0,24000.0,894.55115,23267.223
900.0,24000.0,897.9347,24293.502
900.0,24000.0,893.4959,16362.918
900.0,24000.0,894.2144,23885.748
900.0,24000.0,896.80676,23848.805
900.0,24000.0,897.9795,23507.6
900.0,24000.0,892.8615,23677.316
900.0,24000.0,895.0747,23911.512
900.0,24000.0,876.87476,23414.828
900.0,24000.0,876.9044,23357.52
900.0,24000.0,877.8566,23788.527
900.0,24000.0,876.9684,23299.537
900.0,24000.0,891.14465,23434.828
900.0,24000.0,881.10535,23202.176
900.0,24000.0,884.43884,23526.064
900.0,24000.0,879.8696,23637.74
900.0,24000.0,879.84705,23643.473
900.0,24000.0,888.9601,23167.613
900.0,24000.0,894.0052,23234.742
900.0,24000.0,876.71985,23524.66
900.0,24000.0,883.0094,23000.34
900.0,24000.0,877.0348,23139.46
900.0,24000.0,884.40564,23581.082
900.0,24000.0,877.555,22851.117
900.0,24000.0,884.21875,23246.633
900.0,24000.0,884.3505,22867.719
900.0,24000.0,888.0096,21861.17
900.0,24000.0,873.47235,23511.7
900.0,24000.0,881.2375,22802.621
900.0,24000.0,895.1741,23434.133
900.0,24000.0,894.4754,23429.81
900.0,24000.0,888.49023,23283.469
900.0,24000.0,889.583,23030.89
900.0,24000.0,885.7987,23148.266
900.0,24000.0,894.1112,23972.09
900.0,24000.0,891.4236,21133.703
900.0,24000.0,887.4859,23162.146
900.0,24000.0,889.5516,23072.014
900.0,24000.0,887.7802,23382.742
900.0,3000.0,916.5198,3477.9233
900.0,3000.0,921.3723,3385.1958
900.0,3000.0,907.8578,3875.8813
900.0,3000.0,912.16675,4480.3906
900.0,3000.0,917.95154,3064.8782
900.0,3000.0,915.7575,3786.257
900.0,3000.0,902.4871,2244.9812
900.0,3000.0,907.1794,3385.3914
900.0,3000.0,916.3634,2854.6394
900.0,3000.0,907.2625,2558.0981
900.0,3000.0,896.6354,2359.4834
900.0,3000.0,910.68225,3111.8254
900.0,3000.0,907.97266,2838.1436
900.0,3000.0,898.24817,2443.3171
900.0,3000.0,923.61304,2843.3665
900.0,3000.0,891.5912,3435.5554
900.0,3000.0,894.68506,2770.481
900.0,3000.0,894.10046,3006.9875
900.0,3000.0,893.7538,2905.7307
900.0,3000.0,895.19617,2200.57
900.0,3000.0,897.4702,3344.929
900.0,3000.0,892.7881,2705.446
900.0,3000.0,909.20496,2569.953
900.0,3000.0,910.3817,2501.3777
900.0,3000.0,887.6113,3367.7332
900.0,3000.0,888.0824,3054.2874
900.0,3000.0,897.7557,2812.5193
900.0,3000.0,904.49133,3162.4785
900.0,3000.0,898.3963,3313.6763
900.0,3000.0,887.7229,3122.2175
900.0,3000.0,887.97675,2511.5525
900.0,3000.0,887.3063,2587.8179
900.0,300.0,902.0402,1754.9359
900.0,300.0,887.6911,1612.8915
900.0,300.0,885.5984,1885.5603
900.0,300.0,891.6271,1593.3414
900.0,300.0,891.1572,1629.3717
900.0,300.0,893.17883,1648.4891
900.0,300.0,896.8956,1572.2815
900.0,300.0,891.82074,1710.2546
900.0,300.0,896.5475,1565.8074
900.0,300.0,870.03986,1694.1731
900.0,300.0,891.7698,1553.2041
900.0,300.0,879.43365,1637.019
900.0,300.0,885.1023,1556.468
900.0,300.0,887.92615,1535.3354
900.0,300.0,893.3513,1554.7518
900.0,5000.0,917.2068,4093.077
900.0,5000.0,902.7726,5543.3843
900.0,5000.0,891.1771,4885.9653
900.0,5000.0,898.0984,5100.634
900.0,5000.0,888.2201,5205.6475
900.0,5000.0,897.4679,5097.528
900.0,5000.0,920.395,5880.7114
900.0,5000.0,919.78784,4567.5874
900.0,5000.0,918.1853,5748.781
900.0,5000.0,902.47925,4886.3315
900.0,5000.0,880.1865,4956.229
900.0,5000.0,883.4821,6408.0903
900.0,5000.0,897.3589,5395.339
900.0,5000.0,896.69257,5861.569
900.0,5000.0,877.9507,4574.639
900.0,5000.0,892.7412,3275.4978
900.0,5000.0,897.62537,1975.2783
900.0,5000.0,905.9044,4857.998
900.0,5000.0,906.2378,5072.3853
900.0,5000.0,892.16394,4173.5435
900.0,5000.0,907.57196,5334.1514
900.0,5000.0,911.29834,4618.9277
900.0,5000.0,901.37164,4818.405
900.0,5000.0,903.99066,4532.144
900.0,5000.0,900.79626,4641.2056
900.0,5000.0,906.0035,4652.6606
900.0,5000.0,899.9776,4559.1753
900.0,5000.0,904.35657,4945.6626
900.0,5000.0,909.47943,4872.817
900.0,5000.0,899.969,4555.055
900.0,5000.0,917.80707,4404.725
900.0,5000.0,930.16754,4667.893
900.0,5000.0,903.9414,5048.5317
900.0,5000.0,916.72034,4813.5522
900.0,5000.0,903.5572,5730.148
900.0,5000.0,915.1948,4923.723
900.0,5000.0,916.8046,4876.1304
900.0,5000.0,895.10754,5814.005
900.0,5000.0,918.4358,4864.802
900.0,5000.0,913.45215,4751.668
900.0,5000.0,900.1887,4248.728
900.0,5000.0,888.15515,6269.6787
900.0,5000.0,891.32837,6133.1245
900.0,5000.0,888.6024,5673.6807
900.0,5000.0,879.23114,5236.9224
900.0,5000.0,896.89935,5425.1636
900.0,500.0,937.47375,1639.5331
900.0,500.0,915.82935,1594.7015
900.0,500.0,915.6513,1591.363
900.0,500.0,919.2809,1591.8217
900.0,500.0,914.9419,1589.7532
900.0,500.0,933.19104,1599.2223
900.0,500.0,933.0219,1632.3944
900.0,500.0,911.1985,1573.0325
900.0,500.0,928.8548,1553.2633
900.0,500.0,919.9058,1564.7877
900.0,500.0,926.7927,1575.9197
900.0,500.0,922.6736,1573.4705
900.0,8000.0,908.05237,6162.476
900.0,8000.0,910.39526,6341.276
900.0,8000.0,891.3984,8099.807
900.0,8000.0,895.23,7229.8276
900.0,8000.0,903.2307,7004.123
900.0,8000.0,910.66223,6125.1035
900.0,8000.0,882.72705,7916.3296
900.0,8000.0,898.3192,6388.7817
900.0,8000.0,911.3356,7148.523
900.0,8000.0,907.1166,6218.86
900.0,8000.0,915.55286,7401.405
900.0,8000.0,887.6034,8515.315
900.0,8000.0,891.8716,6564.156
900.0,8000.0,917.1315,7752.7056
900.0,8000.0,903.12024,7001.614
900.0,8000.0,906.4585,6560.85
900.0,8000.0,909.0448,8057.0713
900.0,8000.0,890.96814,8007.704
900.0,8000.0,912.61816,8207.759
900.0,8000.0,905.50574,7354.4297
900.0,8000.0,907.79205,8314.554
900.0,8000.0,903.0796,7728.0054
900.0,8000.0,913.5417,7690.27
900.0,8000.0,908.3722,7537.646
900.0,8000.0,900.5319,7109.3267
900.0,8000.0,909.41235,7678.297
900.0,8000.0,901.1344,7807.0938
900.0,8000.0,895.7142,7494.572
900.0,8000.0,910.98676,6048.977
950.0,1000.0,947.5731,1663.6724
950.0,1000.0,935.2836,2258.1633
950.0,1000.0,936.2359,1741.9279
950.0,1000.0,942.24554,1696.0619
950.0,1000.0,947.7866,2110.5261
950.0,1000.0,935.51556,1867.2643
950.0,1000.0,936.1655,1863.204
950.0,1000.0,947.87036,1797.9584
950.0,1000.0,935.1814,1677.0511
950.0,1000.0,952.02466,1666.09
950.0,1000.0,919.5292,2312.3928
950.0,1000.0,928.9632,1696.3064
950.0,1000.0,908.831,3237.8938
950.0,1000.0,936.1729,1691.2538
950.0,1000.0,963.9424,1859.416
950.0,1000.0,966.74036,1868.5078
950.0,1000.0,948.7683,1744.8324
950.0,1000.0,954.96985,1777.9889
950.0,1000.0,943.62256,1690.1968
950.0,1000.0,943.60315,1906.7605
950.0,1000.0,959.655,1823.0061
950.0,1000.0,932.34265,1856.4204
950.0,1000.0,942.13196,2149.8376
950.0,1000.0,961.8754,1911.9408
950.0,1000.0,952.7134,2312.5876
950.0,1000.0,948.83026,2075.1921
950.0,1000.0,953.2951,1793.9323
950.0,1000.0,942.1161,1899.6067
950.0,1000.0,948.5198,2047.5968
950.0,1000.0,948.9269,1868.7704
950.0,1000.0,930.1907,2252.5684
950.0,1000.0,935.2487,2210.9412
950.0,1000.0,938.7333,1894.8746
950.0,100.0,965.5264,1657.7805
950.0,100.0,970.4015,1650.1451
950.0,100.0,969.2368,1669.1013
950.0,100.0,973.5796,1714.3428
950.0,100.0,981.1698,1662.963
950.0,100.0,975.2554,1657.5127
950.0,100.0,982.85205,1652.7671
950.0,100.0,968.06476,1671.1648
950.0,100.0,950.47455,1688.4736
950.0,100.0,972.5612,1654.9539
950.0,100.0,972.4053,1662.5383
950.0,100.0,960.6256,1660.0527
950.0,16000.0,946.9921,15684.963
950.0,16000.0,946.19086,16124.388
950.0,16000.0,960.5211,15584.975
950.0,16000.0,963.18054,15721.169
950.0,16000.0,957.6927,15621.417
950.0,16000.0,957.19653,15989.794
950.0,16000.0,955.6553,15707.507
950.0,16000.0,953.1894,16097.134
950.0,16000.0,975.86145,16170.645
950.0,16000.0,964.9041,15987.371
950.0,16000.0,951.7511,16013.795
950.0,16000.0,964.0181,16623.621
950.0,16000.0,964.47144,16429.287
950.0,16000.0,963.0883,15890.297
950.0,16000.0,950.2905,16350.421
950.0,16000.0,939.12463,15828.255
950.0,16000.0,940.40314,16056.171
950.0,16000.0,948.89185,16198.401
950.0,16000.0,947.81464,15905.993
950.0,16000.0,945.859,15849.206
950.0,16000.0,950.6344,16194.661
950.0,16000.0,939.6455,15732.726
950.0,16000.0,942.8153,15833.577
950.0,16000.0,922.6781,15772.984
950.0,16000.0,938.47705,15872.103
950.0,16000.0,935.6371,16375.488
950.0,16000.0,940.21875,15941.67
950.0,16000.0,925.2706,16129.192
950.0,16000.0,919.5082,15982.916
950.0,16000.0,929.5728,16247.989
950.0,16000.0,943.16846,15846.774
950.0,16000.0,943.8651,16033.435
950.0,16000.0,939.8214,15870.712
950.0,16000.0,941.5564,15986.073
950.0,16000.0,939.80927,15981.8
950.0,16000.0,947.0393,15943.1455
950.0,16000.0,949.6431,15967.656
950.0,16000.0,952.1466,15938.397
950.0,16000.0,946.7427,15969.112
950.0,16000.0,954.1368,15833.823
950.0,16000.0,951.68286,15846.36
950.0,16000.0,932.0654,15996.726
950.0,16000.0,937.9143,16046.96
950.0,16000.0,946.7325,16124.322
950.0,16000.0,948.45483,15932.693
950.0,16000.0,945.6373,16224.501
950.0,16000.0,952.4977,15872.173
950.0,16000.0,948.4264,15700.169
950.0,16000.0,943.4139,15939.835
950.0,16000.0,936.85315,16036.032
950.0,16000.0,938.81506,16042.466
950.0,16000.0,937.376,16101.595
950.0,16000.0,937.9498,15914.939
950.0,16000.0,938.1267,15575.493
950.0,16000.0,943.9924,15846.812
950.0,16000.0,942.1459,15814.733
950.0,16000.0,935.52386,15004.706
950.0,16000.0,938.1299,15718.909
950.0,16000.0,934.82263,15812.71
950.0,16000.0,922.79614,15387.903
950.0,16000.0,939.9357,15845.353
950.0,16000.0,929.03064,15770.397
950.0,16000.0,937.0979,15933.205
950.0,16000.0,935.79553,15834.79
950.0,16000.0,946.60785,15660.987
950.0,16000.0,948.7977,15950.317
950.0,16000.0,951.5759,15760.782
950.0,16000.0,929.75775,15805.425
950.0,16000.0,945.9884,15915.339
950.0,16000.0,940.5708,16126.05
950.0,16000.0,947.5646,15987.593
950.0,16000.0,945.69916,16069.491
950.0,16000.0,941.82935,15955.505
950.0,16000.0,943.30164,16082.051
950.0,16000.0,943.91724,16169.363
950.0,16000.0,947.2068,15865.399
950.0,16000.0,943.9044,15985.733
950.0,16000.0,943.4568,15873.282
950.0,16000.0,946.9102,15944.693
950.0,16000.0,947.6706,16045.267
950.0,16000.0,945.148,15950.684
950.0,16000.0,939.4575,15874.7295
950.0,16000.0,945.3175,15979.461
950.0,16000.0,951.02625,16078.054
950.0,16000.0,941.452,16087.943
950.0,16000.0,948.47394,15191.413
950.0,16000.0,955.47253,17194.11
950.0,16000.0,945.2768,16576.986
950.0,16000.0,943.04016,16139.649
950.0,16000.0,952.71716,16201.015
950.0,16000.0,934.1271,15862.342
950.0,16000.0,940.5925,15775.612
950.0,16000.0,949.4386,16126.626
950.0,16000.0,950.98926,15722.872
950.0,24000.0,933.7031,23799.547
950.0,24000.0,933.5256,23602.95
950.0,24000.0,929.1247,23864.18
950.0,24000.0,942.6038,24084.695
950.0,24000.0,938.0019,23916.45
950.0,24000.0,940.50903,23992.66
950.0,24000.0,936.35376,23999.393
950.0,24000.0,940.7418,23973.828
950.0,24000.0,935.2683,23704.77
950.0,24000.0,947.4998,23899.453
950.0,24000.0,943.9813,23502.125
950.0,24000.0,943.0862,23826.36
950.0,24000.0,935.74976,23846.72
950.0,24000.0,944.64136,23535.586
950.0,24000.0,951.91754,23704.594
950.0,24000.0,946.4484,23321.516
950.0,24000.0,947.51953,23747.754
950.0,24000.0,932.8061,23839.055
950.0,24000.0,938.0588,23921.75
950.0,24000.0,937.32983,23712.488
950.0,24000.0,937.8716,23759.15
950.0,24000.0,937.4981,23504.77
950.0,24000.0,944.689,23465.195
950.0,24000.0,924.7244,23889.436
950.0,24000.0,921.93884,23483.727
950.0,24000.0,943.2362,22786.96
950.0,24000.0,940.9719,23956.727
950.0,24000.0,934.9953,23613.742
950.0,24000.0,937.40137,23830.27
950.0,24000.0,926.833,21948.133
950.0,24000.0,924.9618,24170.865
950.0,24000.0,928.28564,23560.748
950.0,24000.0,945.20154,22840.766
950.0,24000.0,895.525,23325.783
950.0,24000.0,929.4343,20969.352
950.0,24000.0,941.0895,23673.293
950.0,24000.0,942.7745,23755.426
950.0,24000.0,942.9886,24141.773
950.0,24000.0,939.5553,23874.975
950.0,24000.0,944.353,23662.436
950.0,24000.0,949.27277,23615.021
950.0,24000.0,938.1833,23794.887
950.0,24000.0,932.8918,23597.39
950.0,24000.0,937.04346,23490.18
950.0,24000.0,946.62476,23515.057
950.0,3000.0,953.4258,3449.2834
950.0,3000.0,956.28705,3573.4417
950.0,3000.0,956.5634,3605.061
950.0,3000.0,914.32574,8955.223
950.0,3000.0,951.14233,5075.0073
950.0,3000.0,943.52844,3375.0574
950.0,3000.0,944.92566,2228.586
950.0,3000.0,954.78394,2421.7336
950.0,3000.0,957.2174,2680.9333
950.0,3000.0,954.4474,2869.2095
950.0,3000.0,963.8234,2284.7908
950.0,3000.0,946.9118,3024.0962
950.0,3000.0,953.4594,3366.8347
950.0,3000.0,967.78284,3089.0298
950.0,3000.0,954.5114,3044.5242
950.0,3000.0,951.6809,3122.4365
950.0,3000.0,966.6289,2342.5815
950.0,3000.0,961.65234,2480.7717
950.0,3000.0,950.9244,3369.7712
950.0,3000.0,952.9726,3900.79
950.0,3000.0,952.3058,3758.3997
950.0,3000.0,952.8131,2994.4705
950.0,3000.0,947.72144,3124.9783
950.0,3000.0,962.16815,2747.0105
950.0,3000.0,961.4897,2806.414
950.0,3000.0,943.6607,3269.9307
950.0,3000.0,947.55347,3495.468
950.0,300.0,937.0598,1629.7463
950.0,300.0,942.9753,1625.9635
950.0,300.0,954.8447,1630.6675
950.0,300.0,942.14294,1619.344
950.0,300.0,963.214,1644.4763
950.0,300.0,929.09827,1618.8657
950.0,300.0,943.1725,1634.683
950.0,300.0,920.0023,1633.6597
950.0,300.0,948.1298,1600.2661
950.0,300.0,948.5957,1637.8706
950.0,300.0,954.30347,1635.3196
950.0,300.0,941.3904,1593.5809
950.0,5000.0,968.42035,5838.5327
950.0,5000.0,948.19934,5738.5986
950.0,5000.0,962.2788,5268.899
950.0,5000.0,954.48285,5039.848
950.0,5000.0,949.7179,5377.4185
950.0,5000.0,955.8989,6170.8213
950.0,5000.0,961.495,6007.682
950.0,5000.0,950.2794,5198.936
950.0,5000.0,952.8136,3782.7053
950.0,5000.0,938.42334,4937.9575
950.0,5000.0,924.1928,4337.0093
950.0,5000.0,947.46936,4479.326
950.0,5000.0,936.63794,3996.2937
950.0,5000.0,963.0893,5904.843
950.0,5000.0,954.47394,6108.365
950.0,500.0,953.10486,1670.3044
950.0,500.0,968.2702,1680.0831
950.0,500.0,961.91034,1688.2798
950.0,500.0,966.8833,1645.5244
950.0,500.0,952.83234,1664.293
950.0,500.0,949.5103,1662.3562
950.0,500.0,950.4564,1690.4281
950.0,500.0,963.484,1666.6145
950.0,500.0,940.3929,1702.6554
950.0,500.0,949.76227,1600.5988
950.0,500.0,957.2046,1700.7168
950.0,500.0,952.7031,1649.5168
950.0,8000.0,937.8546,8646.909
950.0,8000.0,946.9343,8549.908
950.0,8000.0,950.4758,8459.888
950.0,8000.0,949.1726,7140.442
950.0,8000.0,939.50574,7841.347
950.0,8000.0,952.38184,7463.478
950.0,8000.0,943.8385,7448.782
950.0,8000.0,937.9558,8316.308
950.0,8000.0,944.8673,7899.531
950.0,8000.0,942.1675,7918.1646
950.0,8000.0,937.9763,6905.8105
950.0,8000.0,947.02454,7697.485
950.0,8000.0,944.41724,7853.7817
950.0,8000.0,939.47876,7737.9824
950.0,8000.0,940.8113,7882.5684
950.0,8000.0,937.5458,7293.9404
950.0,8000.0,932.7886,7147.896
950.0,8000.0,934.43085,8558.599
950.0,8000.0,944.17444,8315.052
950.0,8000.0,948.34247,7721.8413
950.0,8000.0,938.1891,7752.9976
950.0,8000.0,932.2346,7619.681
950.0,8000.0,946.83026,7894.0967
950.0,8000.0,934.6993,8268.821
950.0,8000.0,930.74756,7699.2515
950.0,8000.0,940.5204,8302.081
950.0,8000.0,935.9416,7089.0103
950.0,8000.0,934.1505,7674.646
950.0,8000.0,936.7958,7428.459
950.0,8000.0,934.6474,7012.499
